Matthew,1,matt,nt
Matthew,2,matt,nt
Matthew,3,matt,nt
Matthew,4,matt,nt
Matthew,5,matt,nt
Matthew,6,matt,nt
Matthew,7,matt,nt
Matthew,8,matt,nt
Matthew,9,matt,nt
Matthew,10,matt,nt
Matthew,11,matt,nt
Matthew,12,matt,nt
Matthew,13,matt,nt
Matthew,14,matt,nt
Matthew,15,matt,nt
Matthew,16,matt,nt
Matthew,17,matt,nt
Matthew,18,matt,nt
Matthew,19,matt,nt
Matthew,20,matt,nt
Matthew,21,matt,nt
Matthew,22,matt,nt
Matthew,23,matt,nt
Matthew,24,matt,nt
Matthew,25,matt,nt
Matthew,26,matt,nt
Matthew,27,matt,nt
Matthew,28,matt,nt
Mark,1,mark,nt
Mark,2,mark,nt
Mark,3,mark,nt
Mark,4,mark,nt
Mark,5,mark,nt
Mark,6,mark,nt
Mark,7,mark,nt
Mark,8,mark,nt
Mark,9,mark,nt
Mark,10,mark,nt
Mark,11,mark,nt
Mark,12,mark,nt
Mark,13,mark,nt
Mark,14,mark,nt
Mark,15,mark,nt
Mark,16,mark,nt
Luke,1,luke,nt
Luke,2,luke,nt
Luke,3,luke,nt
Luke,4,luke,nt
Luke,5,luke,nt
Luke,6,luke,nt
Luke,7,luke,nt
Luke,8,luke,nt
Luke,9,luke,nt
Luke,10,luke,nt
Luke,11,luke,nt
Luke,12,luke,nt
Luke,13,luke,nt
Luke,14,luke,nt
Luke,15,luke,nt
Luke,16,luke,nt
Luke,17,luke,nt
Luke,18,luke,nt
Luke,19,luke,nt
Luke,20,luke,nt
Luke,21,luke,nt
Luke,22,luke,nt
Luke,23,luke,nt
Luke,24,luke,nt
John,1,john,nt
John,2,john,nt
John,3,john,nt
John,4,john,nt
John,5,john,nt
John,6,john,nt
John,7,john,nt
John,8,john,nt
John,9,john,nt
John,10,john,nt
John,11,john,nt
John,12,john,nt
John,13,john,nt
John,14,john,nt
John,15,john,nt
John,16,john,nt
John,17,john,nt
John,18,john,nt
John,19,john,nt
John,20,john,nt
John,21,john,nt
Acts,1,acts,nt
Acts,2,acts,nt
Acts,3,acts,nt
Acts,4,acts,nt
Acts,5,acts,nt
Acts,6,acts,nt
Acts,7,acts,nt
Acts,8,acts,nt
Acts,9,acts,nt
Acts,10,acts,nt
Acts,11,acts,nt
Acts,12,acts,nt
Acts,13,acts,nt
Acts,14,acts,nt
Acts,15,acts,nt
Acts,16,acts,nt
Acts,17,acts,nt
Acts,18,acts,nt
Acts,19,acts,nt
Acts,20,acts,nt
Acts,21,acts,nt
Acts,22,acts,nt
Acts,23,acts,nt
Acts,24,acts,nt
Acts,25,acts,nt
Acts,26,acts,nt
Acts,27,acts,nt
Acts,28,acts,nt
Romans,1,rom,nt
Romans,2,rom,nt
Romans,3,rom,nt
Romans,4,rom,nt
Romans,5,rom,nt
Romans,6,rom,nt
Romans,7,rom,nt
Romans,8,rom,nt
Romans,9,rom,nt
Romans,10,rom,nt
Romans,11,rom,nt
Romans,12,rom,nt
Romans,13,rom,nt
Romans,14,rom,nt
Romans,15,rom,nt
Romans,16,rom,nt
First Corinthians,1,1-cor,nt
First Corinthians,2,1-cor,nt
First Corinthians,3,1-cor,nt
First Corinthians,4,1-cor,nt
First Corinthians,5,1-cor,nt
First Corinthians,6,1-cor,nt
First Corinthians,7,1-cor,nt
First Corinthians,8,1-cor,nt
First Corinthians,9,1-cor,nt
First Corinthians,10,1-cor,nt
First Corinthians,11,1-cor,nt
First Corinthians,12,1-cor,nt
First Corinthians,13,1-cor,nt
First Corinthians,14,1-cor,nt
First Corinthians,15,1-cor,nt
First Corinthians,16,1-cor,nt
Second Corinthians,1,2-cor,nt
Second Corinthians,2,2-cor,nt
Second Corinthians,3,2-cor,nt
Second Corinthians,4,2-cor,nt
Second Corinthians,5,2-cor,nt
Second Corinthians,6,2-cor,nt
Second Corinthians,7,2-cor,nt
Second Corinthians,8,2-cor,nt
Second Corinthians,9,2-cor,nt
Second Corinthians,10,2-cor,nt
Second Corinthians,11,2-cor,nt
Second Corinthians,12,2-cor,nt
Second Corinthians,13,2-cor,nt
Galatians,1,gal,nt
Galatians,2,gal,nt
Galatians,3,gal,nt
Galatians,4,gal,nt
Galatians,5,gal,nt
Galatians,6,gal,nt
Ephesians,1,eph,nt
Ephesians,2,eph,nt
Ephesians,3,eph,nt
Ephesians,4,eph,nt
Ephesians,5,eph,nt
Ephesians,6,eph,nt
Philippians,1,philip,nt
Philippians,2,philip,nt
Philippians,3,philip,nt
Philippians,4,philip,nt
Colossians,1,col,nt
Colossians,2,col,nt
Colossians,3,col,nt
Colossians,4,col,nt
First Thessalonians,1,1-thes,nt
First Thessalonians,2,1-thes,nt
First Thessalonians,3,1-thes,nt
First Thessalonians,4,1-thes,nt
First Thessalonians,5,1-thes,nt
Second Thessalonians,1,2-thes,nt
Second Thessalonians,2,2-thes,nt
Second Thessalonians,3,2-thes,nt
First Timothy,1,1-tim,nt
First Timothy,2,1-tim,nt
First Timothy,3,1-tim,nt
First Timothy,4,1-tim,nt
First Timothy,5,1-tim,nt
First Timothy,6,1-tim,nt
Second Timothy,1,2-tim,nt
Second Timothy,2,2-tim,nt
Second Timothy,3,2-tim,nt
Second Timothy,4,2-tim,nt
Titus,1,titus,nt
Titus,2,titus,nt
Titus,3,titus,nt
Philemon,1,philem,nt
Hebrews,1,heb,nt
Hebrews,2,heb,nt
Hebrews,3,heb,nt
Hebrews,4,heb,nt
Hebrews,5,heb,nt
Hebrews,6,heb,nt
Hebrews,7,heb,nt
Hebrews,8,heb,nt
Hebrews,9,heb,nt
Hebrews,10,heb,nt
Hebrews,11,heb,nt
Hebrews,12,heb,nt
Hebrews,13,heb,nt
James,1,james,nt
James,2,james,nt
James,3,james,nt
James,4,james,nt
James,5,james,nt
First Peter,1,1-pet,nt
First Peter,2,1-pet,nt
First Peter,3,1-pet,nt
First Peter,4,1-pet,nt
First Peter,5,1-pet,nt
Second Peter,1,2-pet,nt
Second Peter,2,2-pet,nt
Second Peter,3,2-pet,nt
First John,1,1-jn,nt
First John,2,1-jn,nt
First John,3,1-jn,nt
First John,4,1-jn,nt
First John,5,1-jn,nt
First John,6,1-jn,nt
Second John,1,2-jn,nt
Third John,1,3-jn,nt
Jude,1,jude,nt
Revelation,1,rev,nt
Revelation,2,rev,nt
Revelation,3,rev,nt
Revelation,4,rev,nt
Revelation,5,rev,nt
Revelation,6,rev,nt
Revelation,7,rev,nt
Revelation,8,rev,nt
Revelation,9,rev,nt
Revelation,10,rev,nt
Revelation,11,rev,nt
Revelation,12,rev,nt
Revelation,13,rev,nt
Revelation,14,rev,nt
Revelation,15,rev,nt
Revelation,16,rev,nt
Revelation,17,rev,nt
Revelation,18,rev,nt
Revelation,19,rev,nt
Revelation,20,rev,nt
Revelation,21,rev,nt
Revelation,22,rev,nt
