Genesis,1,gen,ot
Genesis,2,gen,ot
Genesis,3,gen,ot
Genesis,4,gen,ot
Genesis,5,gen,ot
Genesis,6,gen,ot
Genesis,7,gen,ot
Genesis,8,gen,ot
Genesis,9,gen,ot
Genesis,10,gen,ot
Genesis,11,gen,ot
Genesis,12,gen,ot
Genesis,13,gen,ot
Genesis,14,gen,ot
Genesis,15,gen,ot
Genesis,16,gen,ot
Genesis,17,gen,ot
Genesis,18,gen,ot
Genesis,19,gen,ot
Genesis,20,gen,ot
Genesis,21,gen,ot
Genesis,22,gen,ot
Genesis,23,gen,ot
Genesis,24,gen,ot
Genesis,25,gen,ot
Genesis,26,gen,ot
Genesis,27,gen,ot
Genesis,28,gen,ot
Genesis,29,gen,ot
Genesis,30,gen,ot
Genesis,31,gen,ot
Genesis,32,gen,ot
Genesis,33,gen,ot
Genesis,34,gen,ot
Genesis,35,gen,ot
Genesis,36,gen,ot
Genesis,37,gen,ot
Genesis,38,gen,ot
Genesis,39,gen,ot
Genesis,40,gen,ot
Genesis,41,gen,ot
Genesis,42,gen,ot
Genesis,43,gen,ot
Genesis,44,gen,ot
Genesis,45,gen,ot
Genesis,46,gen,ot
Genesis,47,gen,ot
Genesis,48,gen,ot
Genesis,49,gen,ot
Genesis,50,gen,ot
Exodus,1,ex,ot
Exodus,2,ex,ot
Exodus,3,ex,ot
Exodus,4,ex,ot
Exodus,5,ex,ot
Exodus,6,ex,ot
Exodus,7,ex,ot
Exodus,8,ex,ot
Exodus,9,ex,ot
Exodus,10,ex,ot
Exodus,11,ex,ot
Exodus,12,ex,ot
Exodus,13,ex,ot
Exodus,14,ex,ot
Exodus,15,ex,ot
Exodus,16,ex,ot
Exodus,17,ex,ot
Exodus,18,ex,ot
Exodus,19,ex,ot
Exodus,20,ex,ot
Exodus,21,ex,ot
Exodus,22,ex,ot
Exodus,23,ex,ot
Exodus,24,ex,ot
Exodus,25,ex,ot
Exodus,26,ex,ot
Exodus,27,ex,ot
Exodus,28,ex,ot
Exodus,29,ex,ot
Exodus,30,ex,ot
Exodus,31,ex,ot
Exodus,32,ex,ot
Exodus,33,ex,ot
Exodus,34,ex,ot
Exodus,35,ex,ot
Exodus,36,ex,ot
Exodus,37,ex,ot
Exodus,38,ex,ot
Exodus,39,ex,ot
Exodus,40,ex,ot
Leviticus,1,lev,ot
Leviticus,2,lev,ot
Leviticus,3,lev,ot
Leviticus,4,lev,ot
Leviticus,5,lev,ot
Leviticus,6,lev,ot
Leviticus,7,lev,ot
Leviticus,8,lev,ot
Leviticus,9,lev,ot
Leviticus,10,lev,ot
Leviticus,11,lev,ot
Leviticus,12,lev,ot
Leviticus,13,lev,ot
Leviticus,14,lev,ot
Leviticus,15,lev,ot
Leviticus,16,lev,ot
Leviticus,17,lev,ot
Leviticus,18,lev,ot
Leviticus,19,lev,ot
Leviticus,20,lev,ot
Leviticus,21,lev,ot
Leviticus,22,lev,ot
Leviticus,23,lev,ot
Leviticus,24,lev,ot
Leviticus,25,lev,ot
Leviticus,26,lev,ot
Leviticus,27,lev,ot
Numbers,1,num,ot
Numbers,2,num,ot
Numbers,3,num,ot
Numbers,4,num,ot
Numbers,5,num,ot
Numbers,6,num,ot
Numbers,7,num,ot
Numbers,8,num,ot
Numbers,9,num,ot
Numbers,10,num,ot
Numbers,11,num,ot
Numbers,12,num,ot
Numbers,13,num,ot
Numbers,14,num,ot
Numbers,15,num,ot
Numbers,16,num,ot
Numbers,17,num,ot
Numbers,18,num,ot
Numbers,19,num,ot
Numbers,20,num,ot
Numbers,21,num,ot
Numbers,22,num,ot
Numbers,23,num,ot
Numbers,24,num,ot
Numbers,25,num,ot
Numbers,26,num,ot
Numbers,27,num,ot
Numbers,28,num,ot
Numbers,29,num,ot
Numbers,30,num,ot
Numbers,31,num,ot
Numbers,32,num,ot
Numbers,33,num,ot
Numbers,34,num,ot
Numbers,35,num,ot
Numbers,36,num,ot
Deuteronomy,1,deut,ot
Deuteronomy,2,deut,ot
Deuteronomy,3,deut,ot
Deuteronomy,4,deut,ot
Deuteronomy,5,deut,ot
Deuteronomy,6,deut,ot
Deuteronomy,7,deut,ot
Deuteronomy,8,deut,ot
Deuteronomy,9,deut,ot
Deuteronomy,10,deut,ot
Deuteronomy,11,deut,ot
Deuteronomy,12,deut,ot
Deuteronomy,13,deut,ot
Deuteronomy,14,deut,ot
Deuteronomy,15,deut,ot
Deuteronomy,16,deut,ot
Deuteronomy,17,deut,ot
Deuteronomy,18,deut,ot
Deuteronomy,19,deut,ot
Deuteronomy,20,deut,ot
Deuteronomy,21,deut,ot
Deuteronomy,22,deut,ot
Deuteronomy,23,deut,ot
Deuteronomy,24,deut,ot
Deuteronomy,25,deut,ot
Deuteronomy,26,deut,ot
Deuteronomy,27,deut,ot
Deuteronomy,28,deut,ot
Deuteronomy,29,deut,ot
Deuteronomy,30,deut,ot
Deuteronomy,31,deut,ot
Deuteronomy,32,deut,ot
Deuteronomy,33,deut,ot
Deuteronomy,34,deut,ot
Joshua,1,josh,ot
Joshua,2,josh,ot
Joshua,3,josh,ot
Joshua,4,josh,ot
Joshua,5,josh,ot
Joshua,6,josh,ot
Joshua,7,josh,ot
Joshua,8,josh,ot
Joshua,9,josh,ot
Joshua,10,josh,ot
Joshua,11,josh,ot
Joshua,12,josh,ot
Joshua,13,josh,ot
Joshua,14,josh,ot
Joshua,15,josh,ot
Joshua,16,josh,ot
Joshua,17,josh,ot
Joshua,18,josh,ot
Joshua,19,josh,ot
Joshua,20,josh,ot
Joshua,21,josh,ot
Joshua,22,josh,ot
Joshua,23,josh,ot
Joshua,24,josh,ot
Judges,1,judg,ot
Judges,2,judg,ot
Judges,3,judg,ot
Judges,4,judg,ot
Judges,5,judg,ot
Judges,6,judg,ot
Judges,7,judg,ot
Judges,8,judg,ot
Judges,9,judg,ot
Judges,10,judg,ot
Judges,11,judg,ot
Judges,12,judg,ot
Judges,13,judg,ot
Judges,14,judg,ot
Judges,15,judg,ot
Judges,16,judg,ot
Judges,17,judg,ot
Judges,18,judg,ot
Judges,19,judg,ot
Judges,20,judg,ot
Judges,21,judg,ot
Ruth,1,ruth,ot
Ruth,2,ruth,ot
Ruth,3,ruth,ot
Ruth,4,ruth,ot
First Samuel,1,1-sam,ot
First Samuel,2,1-sam,ot
First Samuel,3,1-sam,ot
First Samuel,4,1-sam,ot
First Samuel,5,1-sam,ot
First Samuel,6,1-sam,ot
First Samuel,7,1-sam,ot
First Samuel,8,1-sam,ot
First Samuel,9,1-sam,ot
First Samuel,10,1-sam,ot
First Samuel,11,1-sam,ot
First Samuel,12,1-sam,ot
First Samuel,13,1-sam,ot
First Samuel,14,1-sam,ot
First Samuel,15,1-sam,ot
First Samuel,16,1-sam,ot
First Samuel,17,1-sam,ot
First Samuel,18,1-sam,ot
First Samuel,19,1-sam,ot
First Samuel,20,1-sam,ot
First Samuel,21,1-sam,ot
First Samuel,22,1-sam,ot
First Samuel,23,1-sam,ot
First Samuel,24,1-sam,ot
First Samuel,25,1-sam,ot
First Samuel,26,1-sam,ot
First Samuel,27,1-sam,ot
First Samuel,28,1-sam,ot
First Samuel,29,1-sam,ot
First Samuel,30,1-sam,ot
First Samuel,31,1-sam,ot
Second Samuel,1,2-sam,ot
Second Samuel,2,2-sam,ot
Second Samuel,3,2-sam,ot
Second Samuel,4,2-sam,ot
Second Samuel,5,2-sam,ot
Second Samuel,6,2-sam,ot
Second Samuel,7,2-sam,ot
Second Samuel,8,2-sam,ot
Second Samuel,9,2-sam,ot
Second Samuel,10,2-sam,ot
Second Samuel,11,2-sam,ot
Second Samuel,12,2-sam,ot
Second Samuel,13,2-sam,ot
Second Samuel,14,2-sam,ot
Second Samuel,15,2-sam,ot
Second Samuel,16,2-sam,ot
Second Samuel,17,2-sam,ot
Second Samuel,18,2-sam,ot
Second Samuel,19,2-sam,ot
Second Samuel,20,2-sam,ot
Second Samuel,21,2-sam,ot
Second Samuel,22,2-sam,ot
Second Samuel,23,2-sam,ot
Second Samuel,24,2-sam,ot
First Kings,1,1-kgs,ot
First Kings,2,1-kgs,ot
First Kings,3,1-kgs,ot
First Kings,4,1-kgs,ot
First Kings,5,1-kgs,ot
First Kings,6,1-kgs,ot
First Kings,7,1-kgs,ot
First Kings,8,1-kgs,ot
First Kings,9,1-kgs,ot
First Kings,10,1-kgs,ot
First Kings,11,1-kgs,ot
First Kings,12,1-kgs,ot
First Kings,13,1-kgs,ot
First Kings,14,1-kgs,ot
First Kings,15,1-kgs,ot
First Kings,16,1-kgs,ot
First Kings,17,1-kgs,ot
First Kings,18,1-kgs,ot
First Kings,19,1-kgs,ot
First Kings,20,1-kgs,ot
First Kings,21,1-kgs,ot
First Kings,22,1-kgs,ot
Second Kings,1,2-kgs,ot
Second Kings,2,2-kgs,ot
Second Kings,3,2-kgs,ot
Second Kings,4,2-kgs,ot
Second Kings,5,2-kgs,ot
Second Kings,6,2-kgs,ot
Second Kings,7,2-kgs,ot
Second Kings,8,2-kgs,ot
Second Kings,9,2-kgs,ot
Second Kings,10,2-kgs,ot
Second Kings,11,2-kgs,ot
Second Kings,12,2-kgs,ot
Second Kings,13,2-kgs,ot
Second Kings,14,2-kgs,ot
Second Kings,15,2-kgs,ot
Second Kings,16,2-kgs,ot
Second Kings,17,2-kgs,ot
Second Kings,18,2-kgs,ot
Second Kings,19,2-kgs,ot
Second Kings,20,2-kgs,ot
Second Kings,21,2-kgs,ot
Second Kings,22,2-kgs,ot
Second Kings,23,2-kgs,ot
Second Kings,24,2-kgs,ot
Second Kings,25,2-kgs,ot
First Chronicles,1,1-chr,ot
First Chronicles,2,1-chr,ot
First Chronicles,3,1-chr,ot
First Chronicles,4,1-chr,ot
First Chronicles,5,1-chr,ot
First Chronicles,6,1-chr,ot
First Chronicles,7,1-chr,ot
First Chronicles,8,1-chr,ot
First Chronicles,9,1-chr,ot
First Chronicles,10,1-chr,ot
First Chronicles,11,1-chr,ot
First Chronicles,12,1-chr,ot
First Chronicles,13,1-chr,ot
First Chronicles,14,1-chr,ot
First Chronicles,15,1-chr,ot
First Chronicles,16,1-chr,ot
First Chronicles,17,1-chr,ot
First Chronicles,18,1-chr,ot
First Chronicles,19,1-chr,ot
First Chronicles,20,1-chr,ot
First Chronicles,21,1-chr,ot
First Chronicles,22,1-chr,ot
First Chronicles,23,1-chr,ot
First Chronicles,24,1-chr,ot
First Chronicles,25,1-chr,ot
First Chronicles,26,1-chr,ot
First Chronicles,27,1-chr,ot
First Chronicles,28,1-chr,ot
First Chronicles,29,1-chr,ot
Second Chronicles,1,2-chr,ot
Second Chronicles,2,2-chr,ot
Second Chronicles,3,2-chr,ot
Second Chronicles,4,2-chr,ot
Second Chronicles,5,2-chr,ot
Second Chronicles,6,2-chr,ot
Second Chronicles,7,2-chr,ot
Second Chronicles,8,2-chr,ot
Second Chronicles,9,2-chr,ot
Second Chronicles,10,2-chr,ot
Second Chronicles,11,2-chr,ot
Second Chronicles,12,2-chr,ot
Second Chronicles,13,2-chr,ot
Second Chronicles,14,2-chr,ot
Second Chronicles,15,2-chr,ot
Second Chronicles,16,2-chr,ot
Second Chronicles,17,2-chr,ot
Second Chronicles,18,2-chr,ot
Second Chronicles,19,2-chr,ot
Second Chronicles,20,2-chr,ot
Second Chronicles,21,2-chr,ot
Second Chronicles,22,2-chr,ot
Second Chronicles,23,2-chr,ot
Second Chronicles,24,2-chr,ot
Second Chronicles,25,2-chr,ot
Second Chronicles,26,2-chr,ot
Second Chronicles,27,2-chr,ot
Second Chronicles,28,2-chr,ot
Second Chronicles,29,2-chr,ot
Second Chronicles,30,2-chr,ot
Second Chronicles,31,2-chr,ot
Second Chronicles,32,2-chr,ot
Second Chronicles,33,2-chr,ot
Second Chronicles,34,2-chr,ot
Second Chronicles,35,2-chr,ot
Second Chronicles,36,2-chr,ot
Ezra,1,ezra,ot
Ezra,2,ezra,ot
Ezra,3,ezra,ot
Ezra,4,ezra,ot
Ezra,5,ezra,ot
Ezra,6,ezra,ot
Ezra,7,ezra,ot
Ezra,8,ezra,ot
Ezra,9,ezra,ot
Ezra,10,ezra,ot
Nehemiah,1,neh,ot
Nehemiah,2,neh,ot
Nehemiah,3,neh,ot
Nehemiah,4,neh,ot
Nehemiah,5,neh,ot
Nehemiah,6,neh,ot
Nehemiah,7,neh,ot
Nehemiah,8,neh,ot
Nehemiah,9,neh,ot
Nehemiah,10,neh,ot
Nehemiah,11,neh,ot
Nehemiah,12,neh,ot
Nehemiah,13,neh,ot
Esther,1,esth,ot
Esther,2,esth,ot
Esther,3,esth,ot
Esther,4,esth,ot
Esther,5,esth,ot
Esther,6,esth,ot
Esther,7,esth,ot
Esther,8,esth,ot
Esther,9,esth,ot
Esther,10,esth,ot
Job,1,job,ot
Job,2,job,ot
Job,3,job,ot
Job,4,job,ot
Job,5,job,ot
Job,6,job,ot
Job,7,job,ot
Job,8,job,ot
Job,9,job,ot
Job,10,job,ot
Job,11,job,ot
Job,12,job,ot
Job,13,job,ot
Job,14,job,ot
Job,15,job,ot
Job,16,job,ot
Job,17,job,ot
Job,18,job,ot
Job,19,job,ot
Job,20,job,ot
Job,21,job,ot
Job,22,job,ot
Job,23,job,ot
Job,24,job,ot
Job,25,job,ot
Job,26,job,ot
Job,27,job,ot
Job,28,job,ot
Job,29,job,ot
Job,30,job,ot
Job,31,job,ot
Job,32,job,ot
Job,33,job,ot
Job,34,job,ot
Job,35,job,ot
Job,36,job,ot
Job,37,job,ot
Job,38,job,ot
Job,39,job,ot
Job,40,job,ot
Job,41,job,ot
Job,42,job,ot
Psalms,1,ps,ot
Psalms,2,ps,ot
Psalms,3,ps,ot
Psalms,4,ps,ot
Psalms,5,ps,ot
Psalms,6,ps,ot
Psalms,7,ps,ot
Psalms,8,ps,ot
Psalms,9,ps,ot
Psalms,10,ps,ot
Psalms,11,ps,ot
Psalms,12,ps,ot
Psalms,13,ps,ot
Psalms,14,ps,ot
Psalms,15,ps,ot
Psalms,16,ps,ot
Psalms,17,ps,ot
Psalms,18,ps,ot
Psalms,19,ps,ot
Psalms,20,ps,ot
Psalms,21,ps,ot
Psalms,22,ps,ot
Psalms,23,ps,ot
Psalms,24,ps,ot
Psalms,25,ps,ot
Psalms,26,ps,ot
Psalms,27,ps,ot
Psalms,28,ps,ot
Psalms,29,ps,ot
Psalms,30,ps,ot
Psalms,31,ps,ot
Psalms,32,ps,ot
Psalms,33,ps,ot
Psalms,34,ps,ot
Psalms,35,ps,ot
Psalms,36,ps,ot
Psalms,37,ps,ot
Psalms,38,ps,ot
Psalms,39,ps,ot
Psalms,40,ps,ot
Psalms,41,ps,ot
Psalms,42,ps,ot
Psalms,43,ps,ot
Psalms,44,ps,ot
Psalms,45,ps,ot
Psalms,46,ps,ot
Psalms,47,ps,ot
Psalms,48,ps,ot
Psalms,49,ps,ot
Psalms,50,ps,ot
Psalms,51,ps,ot
Psalms,52,ps,ot
Psalms,53,ps,ot
Psalms,54,ps,ot
Psalms,55,ps,ot
Psalms,56,ps,ot
Psalms,57,ps,ot
Psalms,58,ps,ot
Psalms,59,ps,ot
Psalms,60,ps,ot
Psalms,61,ps,ot
Psalms,62,ps,ot
Psalms,63,ps,ot
Psalms,64,ps,ot
Psalms,65,ps,ot
Psalms,66,ps,ot
Psalms,67,ps,ot
Psalms,68,ps,ot
Psalms,69,ps,ot
Psalms,70,ps,ot
Psalms,71,ps,ot
Psalms,72,ps,ot
Psalms,73,ps,ot
Psalms,74,ps,ot
Psalms,75,ps,ot
Psalms,76,ps,ot
Psalms,77,ps,ot
Psalms,78,ps,ot
Psalms,79,ps,ot
Psalms,80,ps,ot
Psalms,81,ps,ot
Psalms,82,ps,ot
Psalms,83,ps,ot
Psalms,84,ps,ot
Psalms,85,ps,ot
Psalms,86,ps,ot
Psalms,87,ps,ot
Psalms,88,ps,ot
Psalms,89,ps,ot
Psalms,90,ps,ot
Psalms,91,ps,ot
Psalms,92,ps,ot
Psalms,93,ps,ot
Psalms,94,ps,ot
Psalms,95,ps,ot
Psalms,96,ps,ot
Psalms,97,ps,ot
Psalms,98,ps,ot
Psalms,99,ps,ot
Psalms,100,ps,ot
Psalms,101,ps,ot
Psalms,102,ps,ot
Psalms,103,ps,ot
Psalms,104,ps,ot
Psalms,105,ps,ot
Psalms,106,ps,ot
Psalms,107,ps,ot
Psalms,108,ps,ot
Psalms,109,ps,ot
Psalms,110,ps,ot
Psalms,111,ps,ot
Psalms,112,ps,ot
Psalms,113,ps,ot
Psalms,114,ps,ot
Psalms,115,ps,ot
Psalms,116,ps,ot
Psalms,117,ps,ot
Psalms,118,ps,ot
Psalms,119,ps,ot
Psalms,120,ps,ot
Psalms,121,ps,ot
Psalms,122,ps,ot
Psalms,123,ps,ot
Psalms,124,ps,ot
Psalms,125,ps,ot
Psalms,126,ps,ot
Psalms,127,ps,ot
Psalms,128,ps,ot
Psalms,129,ps,ot
Psalms,130,ps,ot
Psalms,131,ps,ot
Psalms,132,ps,ot
Psalms,133,ps,ot
Psalms,134,ps,ot
Psalms,135,ps,ot
Psalms,136,ps,ot
Psalms,137,ps,ot
Psalms,138,ps,ot
Psalms,139,ps,ot
Psalms,140,ps,ot
Psalms,141,ps,ot
Psalms,142,ps,ot
Psalms,143,ps,ot
Psalms,144,ps,ot
Psalms,145,ps,ot
Psalms,146,ps,ot
Psalms,147,ps,ot
Psalms,148,ps,ot
Psalms,149,ps,ot
Psalms,150,ps,ot
Proverbs,1,prov,ot
Proverbs,2,prov,ot
Proverbs,3,prov,ot
Proverbs,4,prov,ot
Proverbs,5,prov,ot
Proverbs,6,prov,ot
Proverbs,7,prov,ot
Proverbs,8,prov,ot
Proverbs,9,prov,ot
Proverbs,10,prov,ot
Proverbs,11,prov,ot
Proverbs,12,prov,ot
Proverbs,13,prov,ot
Proverbs,14,prov,ot
Proverbs,15,prov,ot
Proverbs,16,prov,ot
Proverbs,17,prov,ot
Proverbs,18,prov,ot
Proverbs,19,prov,ot
Proverbs,20,prov,ot
Proverbs,21,prov,ot
Proverbs,22,prov,ot
Proverbs,23,prov,ot
Proverbs,24,prov,ot
Proverbs,25,prov,ot
Proverbs,26,prov,ot
Proverbs,27,prov,ot
Proverbs,28,prov,ot
Proverbs,29,prov,ot
Proverbs,30,prov,ot
Proverbs,31,prov,ot
Ecclesiastes,1,eccl,ot
Ecclesiastes,2,eccl,ot
Ecclesiastes,3,eccl,ot
Ecclesiastes,4,eccl,ot
Ecclesiastes,5,eccl,ot
Ecclesiastes,6,eccl,ot
Ecclesiastes,7,eccl,ot
Ecclesiastes,8,eccl,ot
Ecclesiastes,9,eccl,ot
Ecclesiastes,10,eccl,ot
Ecclesiastes,11,eccl,ot
Ecclesiastes,12,eccl,ot
Song of Solomon,1,song,ot
Song of Solomon,2,song,ot
Song of Solomon,3,song,ot
Song of Solomon,4,song,ot
Song of Solomon,5,song,ot
Song of Solomon,6,song,ot
Song of Solomon,7,song,ot
Song of Solomon,8,song,ot
Isaiah,1,isa,ot
Isaiah,2,isa,ot
Isaiah,3,isa,ot
Isaiah,4,isa,ot
Isaiah,5,isa,ot
Isaiah,6,isa,ot
Isaiah,7,isa,ot
Isaiah,8,isa,ot
Isaiah,9,isa,ot
Isaiah,10,isa,ot
Isaiah,11,isa,ot
Isaiah,12,isa,ot
Isaiah,13,isa,ot
Isaiah,14,isa,ot
Isaiah,15,isa,ot
Isaiah,16,isa,ot
Isaiah,17,isa,ot
Isaiah,18,isa,ot
Isaiah,19,isa,ot
Isaiah,20,isa,ot
Isaiah,21,isa,ot
Isaiah,22,isa,ot
Isaiah,23,isa,ot
Isaiah,24,isa,ot
Isaiah,25,isa,ot
Isaiah,26,isa,ot
Isaiah,27,isa,ot
Isaiah,28,isa,ot
Isaiah,29,isa,ot
Isaiah,30,isa,ot
Isaiah,31,isa,ot
Isaiah,32,isa,ot
Isaiah,33,isa,ot
Isaiah,34,isa,ot
Isaiah,35,isa,ot
Isaiah,36,isa,ot
Isaiah,37,isa,ot
Isaiah,38,isa,ot
Isaiah,39,isa,ot
Isaiah,40,isa,ot
Isaiah,41,isa,ot
Isaiah,42,isa,ot
Isaiah,43,isa,ot
Isaiah,44,isa,ot
Isaiah,45,isa,ot
Isaiah,46,isa,ot
Isaiah,47,isa,ot
Isaiah,48,isa,ot
Isaiah,49,isa,ot
Isaiah,50,isa,ot
Isaiah,51,isa,ot
Isaiah,52,isa,ot
Isaiah,53,isa,ot
Isaiah,54,isa,ot
Isaiah,55,isa,ot
Isaiah,56,isa,ot
Isaiah,57,isa,ot
Isaiah,58,isa,ot
Isaiah,59,isa,ot
Isaiah,60,isa,ot
Isaiah,61,isa,ot
Isaiah,62,isa,ot
Isaiah,63,isa,ot
Isaiah,64,isa,ot
Isaiah,65,isa,ot
Isaiah,66,isa,ot
Jeremiah,1,jer,ot
Jeremiah,2,jer,ot
Jeremiah,3,jer,ot
Jeremiah,4,jer,ot
Jeremiah,5,jer,ot
Jeremiah,6,jer,ot
Jeremiah,7,jer,ot
Jeremiah,8,jer,ot
Jeremiah,9,jer,ot
Jeremiah,10,jer,ot
Jeremiah,11,jer,ot
Jeremiah,12,jer,ot
Jeremiah,13,jer,ot
Jeremiah,14,jer,ot
Jeremiah,15,jer,ot
Jeremiah,16,jer,ot
Jeremiah,17,jer,ot
Jeremiah,18,jer,ot
Jeremiah,19,jer,ot
Jeremiah,20,jer,ot
Jeremiah,21,jer,ot
Jeremiah,22,jer,ot
Jeremiah,23,jer,ot
Jeremiah,24,jer,ot
Jeremiah,25,jer,ot
Jeremiah,26,jer,ot
Jeremiah,27,jer,ot
Jeremiah,28,jer,ot
Jeremiah,29,jer,ot
Jeremiah,30,jer,ot
Jeremiah,31,jer,ot
Jeremiah,32,jer,ot
Jeremiah,33,jer,ot
Jeremiah,34,jer,ot
Jeremiah,35,jer,ot
Jeremiah,36,jer,ot
Jeremiah,37,jer,ot
Jeremiah,38,jer,ot
Jeremiah,39,jer,ot
Jeremiah,40,jer,ot
Jeremiah,41,jer,ot
Jeremiah,42,jer,ot
Jeremiah,43,jer,ot
Jeremiah,44,jer,ot
Jeremiah,45,jer,ot
Jeremiah,46,jer,ot
Jeremiah,47,jer,ot
Jeremiah,48,jer,ot
Jeremiah,49,jer,ot
Jeremiah,50,jer,ot
Jeremiah,51,jer,ot
Jeremiah,52,jer,ot
Lamentations,1,lam,ot
Lamentations,2,lam,ot
Lamentations,3,lam,ot
Lamentations,4,lam,ot
Lamentations,5,lam,ot
Ezekiel,1,ezek,ot
Ezekiel,2,ezek,ot
Ezekiel,3,ezek,ot
Ezekiel,4,ezek,ot
Ezekiel,5,ezek,ot
Ezekiel,6,ezek,ot
Ezekiel,7,ezek,ot
Ezekiel,8,ezek,ot
Ezekiel,9,ezek,ot
Ezekiel,10,ezek,ot
Ezekiel,11,ezek,ot
Ezekiel,12,ezek,ot
Ezekiel,13,ezek,ot
Ezekiel,14,ezek,ot
Ezekiel,15,ezek,ot
Ezekiel,16,ezek,ot
Ezekiel,17,ezek,ot
Ezekiel,18,ezek,ot
Ezekiel,19,ezek,ot
Ezekiel,20,ezek,ot
Ezekiel,21,ezek,ot
Ezekiel,22,ezek,ot
Ezekiel,23,ezek,ot
Ezekiel,24,ezek,ot
Ezekiel,25,ezek,ot
Ezekiel,26,ezek,ot
Ezekiel,27,ezek,ot
Ezekiel,28,ezek,ot
Ezekiel,29,ezek,ot
Ezekiel,30,ezek,ot
Ezekiel,31,ezek,ot
Ezekiel,32,ezek,ot
Ezekiel,33,ezek,ot
Ezekiel,34,ezek,ot
Ezekiel,35,ezek,ot
Ezekiel,36,ezek,ot
Ezekiel,37,ezek,ot
Ezekiel,38,ezek,ot
Ezekiel,39,ezek,ot
Ezekiel,40,ezek,ot
Ezekiel,41,ezek,ot
Ezekiel,42,ezek,ot
Ezekiel,43,ezek,ot
Ezekiel,44,ezek,ot
Ezekiel,45,ezek,ot
Ezekiel,46,ezek,ot
Ezekiel,47,ezek,ot
Ezekiel,48,ezek,ot
Daniel,1,dan,ot
Daniel,2,dan,ot
Daniel,3,dan,ot
Daniel,4,dan,ot
Daniel,5,dan,ot
Daniel,6,dan,ot
Daniel,7,dan,ot
Daniel,8,dan,ot
Daniel,9,dan,ot
Daniel,10,dan,ot
Daniel,11,dan,ot
Daniel,12,dan,ot
Hosea,1,hosea,ot
Hosea,2,hosea,ot
Hosea,3,hosea,ot
Hosea,4,hosea,ot
Hosea,5,hosea,ot
Hosea,6,hosea,ot
Hosea,7,hosea,ot
Hosea,8,hosea,ot
Hosea,9,hosea,ot
Hosea,10,hosea,ot
Hosea,11,hosea,ot
Hosea,12,hosea,ot
Hosea,13,hosea,ot
Hosea,14,hosea,ot
Joel,1,joel,ot
Joel,2,joel,ot
Joel,3,joel,ot
Amos,1,amos,ot
Amos,2,amos,ot
Amos,3,amos,ot
Amos,4,amos,ot
Amos,5,amos,ot
Amos,6,amos,ot
Amos,7,amos,ot
Amos,8,amos,ot
Amos,9,amos,ot
Obadiah,1,obad,ot
Jonah,1,jonah,ot
Jonah,2,jonah,ot
Jonah,3,jonah,ot
Jonah,4,jonah,ot
Micah,1,micah,ot
Micah,2,micah,ot
Micah,3,micah,ot
Micah,4,micah,ot
Micah,5,micah,ot
Micah,6,micah,ot
Micah,7,micah,ot
Nahum,1,nahum,ot
Nahum,2,nahum,ot
Nahum,3,nahum,ot
Habakkuk,1,hab,ot
Habakkuk,2,hab,ot
Habakkuk,3,hab,ot
Zephaniah,1,zeph,ot
Zephaniah,2,zeph,ot
Zephaniah,3,zeph,ot
Haggai,1,hag,ot
Haggai,2,hag,ot
Zechariah,1,zech,ot
Zechariah,2,zech,ot
Zechariah,3,zech,ot
Zechariah,4,zech,ot
Zechariah,5,zech,ot
Zechariah,6,zech,ot
Zechariah,7,zech,ot
Zechariah,8,zech,ot
Zechariah,9,zech,ot
Zechariah,10,zech,ot
Zechariah,11,zech,ot
Zechariah,12,zech,ot
Zechariah,13,zech,ot
Zechariah,14,zech,ot
Malachi,1,mal,ot
Malachi,2,mal,ot
Malachi,3,mal,ot
Malachi,4,mal,ot
