First Neefeye,1,1-ne
First Neefeye,2,1-ne
First Neefeye,3,1-ne
First Neefeye,4,1-ne
First Neefeye,5,1-ne
First Neefeye,6,1-ne
First Neefeye,7,1-ne
First Neefeye,8,1-ne
First Neefeye,9,1-ne
First Neefeye,10,1-ne
First Neefeye,11,1-ne
First Neefeye,12,1-ne
First Neefeye,13,1-ne
First Neefeye,14,1-ne
First Neefeye,15,1-ne
First Neefeye,16,1-ne
First Neefeye,17,1-ne
First Neefeye,18,1-ne
First Neefeye,19,1-ne
First Neefeye,20,1-ne
First Neefeye,21,1-ne
First Neefeye,22,1-ne
Second Neefeye,1,2-ne
Second Neefeye,2,2-ne
Second Neefeye,3,2-ne
Second Neefeye,4,2-ne
Second Neefeye,5,2-ne
Second Neefeye,6,2-ne
Second Neefeye,7,2-ne
Second Neefeye,8,2-ne
Second Neefeye,9,2-ne
Second Neefeye,10,2-ne
Second Neefeye,11,2-ne
Second Neefeye,12,2-ne
Second Neefeye,13,2-ne
Second Neefeye,14,2-ne
Second Neefeye,15,2-ne
Second Neefeye,16,2-ne
Second Neefeye,17,2-ne
Second Neefeye,18,2-ne
Second Neefeye,19,2-ne
Second Neefeye,20,2-ne
Second Neefeye,21,2-ne
Second Neefeye,22,2-ne
Second Neefeye,23,2-ne
Second Neefeye,24,2-ne
Second Neefeye,25,2-ne
Second Neefeye,26,2-ne
Second Neefeye,27,2-ne
Second Neefeye,28,2-ne
Second Neefeye,29,2-ne
Second Neefeye,30,2-ne
Second Neefeye,31,2-ne
Second Neefeye,32,2-ne
Second Neefeye,33,2-ne
Jacob,1,jacob
Jacob,2,jacob
Jacob,3,jacob
Jacob,4,jacob
Jacob,5,jacob
Jacob,6,jacob
Jacob,7,jacob
Enos,1,enos
Jarom,1,jarom
Omni,1,omni
Words of Mormon,1,w-of-m
Mosiah,1,mosiah
Mosiah,2,mosiah
Mosiah,3,mosiah
Mosiah,4,mosiah
Mosiah,5,mosiah
Mosiah,6,mosiah
Mosiah,7,mosiah
Mosiah,8,mosiah
Mosiah,9,mosiah
Mosiah,10,mosiah
Mosiah,11,mosiah
Mosiah,12,mosiah
Mosiah,13,mosiah
Mosiah,14,mosiah
Mosiah,15,mosiah
Mosiah,16,mosiah
Mosiah,17,mosiah
Mosiah,18,mosiah
Mosiah,19,mosiah
Mosiah,20,mosiah
Mosiah,21,mosiah
Mosiah,22,mosiah
Mosiah,23,mosiah
Mosiah,24,mosiah
Mosiah,25,mosiah
Mosiah,26,mosiah
Mosiah,27,mosiah
Mosiah,28,mosiah
Mosiah,29,mosiah
Alma,1,alma
Alma,2,alma
Alma,3,alma
Alma,4,alma
Alma,5,alma
Alma,6,alma
Alma,7,alma
Alma,8,alma
Alma,9,alma
Alma,10,alma
Alma,11,alma
Alma,12,alma
Alma,13,alma
Alma,14,alma
Alma,15,alma
Alma,16,alma
Alma,17,alma
Alma,18,alma
Alma,19,alma
Alma,20,alma
Alma,21,alma
Alma,22,alma
Alma,23,alma
Alma,24,alma
Alma,25,alma
Alma,26,alma
Alma,27,alma
Alma,28,alma
Alma,29,alma
Alma,30,alma
Alma,31,alma
Alma,32,alma
Alma,33,alma
Alma,34,alma
Alma,35,alma
Alma,36,alma
Alma,37,alma
Alma,38,alma
Alma,39,alma
Alma,40,alma
Alma,41,alma
Alma,42,alma
Alma,43,alma
Alma,44,alma
Alma,45,alma
Alma,46,alma
Alma,47,alma
Alma,48,alma
Alma,49,alma
Alma,50,alma
Alma,51,alma
Alma,52,alma
Alma,53,alma
Alma,54,alma
Alma,55,alma
Alma,56,alma
Alma,57,alma
Alma,58,alma
Alma,59,alma
Alma,60,alma
Alma,61,alma
Alma,62,alma
Alma,63,alma
Helaman,1,hel
Helaman,2,hel
Helaman,3,hel
Helaman,4,hel
Helaman,5,hel
Helaman,6,hel
Helaman,7,hel
Helaman,8,hel
Helaman,9,hel
Helaman,10,hel
Helaman,11,hel
Helaman,12,hel
Helaman,13,hel
Helaman,14,hel
Helaman,15,hel
Helaman,16,hel
Third Neefeye,1,3-ne
Third Neefeye,2,3-ne
Third Neefeye,3,3-ne
Third Neefeye,4,3-ne
Third Neefeye,5,3-ne
Third Neefeye,6,3-ne
Third Neefeye,7,3-ne
Third Neefeye,8,3-ne
Third Neefeye,9,3-ne
Third Neefeye,10,3-ne
Third Neefeye,11,3-ne
Third Neefeye,12,3-ne
Third Neefeye,13,3-ne
Third Neefeye,14,3-ne
Third Neefeye,15,3-ne
Third Neefeye,16,3-ne
Third Neefeye,17,3-ne
Third Neefeye,18,3-ne
Third Neefeye,19,3-ne
Third Neefeye,20,3-ne
Third Neefeye,21,3-ne
Third Neefeye,22,3-ne
Third Neefeye,23,3-ne
Third Neefeye,24,3-ne
Third Neefeye,25,3-ne
Third Neefeye,26,3-ne
Third Neefeye,27,3-ne
Third Neefeye,28,3-ne
Third Neefeye,29,3-ne
Third Neefeye,30,3-ne
Fourth Neefeye,1,4-ne
Mormon,1,morm
Mormon,2,morm
Mormon,3,morm
Mormon,4,morm
Mormon,5,morm
Mormon,6,morm
Mormon,7,morm
Mormon,8,morm
Mormon,9,morm
Ether,1,ether
Ether,2,ether
Ether,3,ether
Ether,4,ether
Ether,5,ether
Ether,6,ether
Ether,7,ether
Ether,8,ether
Ether,9,ether
Ether,10,ether
Ether,11,ether
Ether,12,ether
Ether,13,ether
Ether,14,ether
Ether,15,ether
Moroneye,1,moro
Moroneye,2,moro
Moroneye,3,moro
Moroneye,4,moro
Moroneye,5,moro
Moroneye,6,moro
Moroneye,7,moro
Moroneye,8,moro
Moroneye,9,moro
Moroneye,10,moro
